Abramovicz Evyn;2089;44;eabramoviczaa@earthlink.net;8380741684
Adhams Chaddie;2026;51;cadhams3a@google.cn;8380647769
Aglione Tobi;2183;43;taglionely@pagesperso-orange.fr;8380709624
Aitcheson Bary;2074;94;baitcheson8f@narod.ru;8380711726
Aizik Sherlocke;2213;73;saizikon@bbb.org;8380574303
Aizikowitz Dody;2098;49;daizikowitzc5@technorati.com;8380515978
Aked Nikolas;2184;74;nakedm4@cargocollective.com;8380731646
Alam Ardine;2146;58;aalamhf@nhs.uk;8380573544
Alan Batholomew;2230;33;balanq1@harvard.edu;8380567730
Albers Roderic;2143;21;ralbersgs@hexun.com;8380515080
Albin Dorolisa;2251;22;dalbinrp@cocolog-nifty.com;8380592778
Alcorn Mathias;2023;41;malcorn2d@amazon.com;8380644263
Aldwich Jemmy;2217;83;jaldwichpg@yellowpages.com;8380584481
Aleswell Carolee;2209;68;caleswellnv@taobao.com;8380526880
Algar Maurise;2073;23;malgar7y@washington.edu;8380633423
Ambroise Norry;2220;96;nambroisepp@hc360.com;8380536061
Amori Merv;2066;96;mamori6x@jalbum.net;8380690893
Andrassy Hendrika;2225;78;handrassyq0@wix.com;8380708792
Andrini Lola;2025;25;landrini2y@imdb.com;8380696042
Anfosso Nat;2066;71;nanfosso6t@wsj.com;8380583582
Antoons Charlot;2242;107;cantoonsqv@purevolume.com;8380521897
Antrim Christyna;2013;53;cantrimq@ebay.com;8380470702
Antyshev Birdie;2181;110;bantyshevl7@constantcontact.com;8380588304
Applegate Silvana;2132;41;sapplegatefb@usa.gov;8380472977
Arcase Roderic;2194;110;rarcasen9@artisteer.com;8380481798
Arundell Chastity;2194;53;carundellnk@bbc.co.uk;8380712048
Aspden Lavinia;2030;89;laspden43@behance.net;8380613341
Assaf Genevra;2026;26;gassaf3b@over-blog.com;8380651391
Ausello Stanislaw;2214;61;sauselloov@cbslocal.com;8380476085
Auton Demeter;2144;78;dautongy@is.gd;8380482379
Avis Elizabet;2183;95;eavislr@facebook.com;8380497279
Badcock Orren;2162;50;obadcocki2@vimeo.com;8380479882
Baglow Zachary;2119;73;zbaglowes@engadget.com;8380584759
Bahls Nye;2089;52;nbahlsa4@joomla.org;8380530829
Bainbrigge Tanner;2135;77;tbainbriggegc@google.it;8380562461
Baise Clemence;2096;100;cbaisebj@theatlantic.com;8380475569
Baitman Marietta;2098;80;mbaitmancb@rambler.ru;8380678575
Bale Jefferson;2119;30;jbaleen@vistaprint.com;8380464826
Bangiard Edgar;2233;71;ebangiardqa@dailymotion.com;8380727096
Baptista Jenica;2174;91;jbaptistajy@dmoz.org;8380726073
Baress Ike;2038;44;ibaress47@vinaora.com;8380609476
Bark Filmer;2011;37;fbarki@odnoklassniki.ru;8380610040
Baron Elwira;2066;91;ebaron6p@ifeng.com;8380515366
Barrar Mair;2116;41;mbarrardy@usa.gov;8380654277
Bartak Noreen;2235;108;nbartakql@domainmarket.com;8380654943
Bartelet Lindon;2066;81;lbartelet6w@japanpost.jp;8380649575
Bartozzi Sherilyn;2118;93;sbartozziel@newyorker.com;8380687809
Basilio Mariya;2040;97;mbasilio4w@biglobe.ne.jp;8380701291
Bassill Guss;2146;37;gbassillhg@narod.ru;8380594401
Bastiman Dario;2016;107;dbastiman1k@cnn.com;8380588681
Batman Colette;2193;91;cbatmanmz@state.tx.us;8380591461
Batterham Abbey;2233;100;abatterhamq8@sun.com;8380714407
Battisson Charmian;2145;20;cbattissonh5@live.com;8380642104
Battle Meta;2230;37;mbattleq2@desdev.cn;8380591119
Battyll Arabella;2023;61;abattyll2a@reverbnation.com;8380549627
Baynham Roley;2194;68;rbaynhamnb@wikimedia.org;8380530705
Beaconsall Ricki;2162;31;rbeaconsalli1@altervista.org;8380447468
Beals Flossy;2073;71;fbeals7u@symantec.com;8380532260
Beamand Paulette;2183;94;pbeamandlx@nature.com;8380692020
Beeble Gerrie;2053;103;gbeeble5m@hugedomains.com;8380567765
Befroy Daisy;2098;26;dbefroyc6@tripadvisor.com;8380518659
Behnke Cad;2024;22;cbehnke2k@wikispaces.com;8380592662
Beilby Johann;2141;34;jbeilbyge@java.com;8380451902
Belt Odetta;2100;72;obeltcp@dagondesign.com;8380580451
Bending Beniamino;2146;26;bbendinghd@topsy.com;8380553683
Benedyktowicz Ulrika;2243;89;ubenedyktowiczrb@squarespace.com;8380562755
Bennison Byran;2074;83;bbennison87@t-online.de;8380522796
Benyan Rafaelia;2072;71;rbenyan7q@geocities.jp;8380641248
Berg Mortimer;2212;23;mbergog@google.de;8380575911
Berggren Tamiko;2066;45;tberggren6n@shinystat.com;8380509277
Bernier Doroteya;2242;62;dbernierr3@linkedin.com;8380742842
Bestall Devonna;2217;107;dbestallpe@cnet.com;8380546423
Bichard Kylie;2067;66;kbichard74@tuttocitta.it;8380622987
Bickerdike Karoly;2193;52;kbickerdiken3@tinypic.com;8380728114
Bickley King;2135;52;kbickleyg5@webmd.com;8380460731
Biddlecombe Lorenzo;2166;32;lbiddlecombeiv@taobao.com;8380474120
Biernat Owen;2135;35;obiernatgd@statcounter.com;8380607562
Bilovus Monroe;2166;73;mbilovusiz@github.io;8380659996
Binder Nanci;2163;51;nbinderib@google.ru;8380609301
Birchenhead Kahaleel;2063;22;kbirchenhead5w@blogspot.com;8380558022
Blaber Norbie;2021;33;nblaber1w@weibo.com;8380635604
Blais Gwyn;2091;50;gblaisah@theguardian.com;8380624289
Blaisdell Faunie;2080;57;fblaisdell8s@com.com;8380741811
Blanque Georgeta;2025;81;gblanque2p@census.gov;8380475178
Blaxlande Jaquenetta;2049;79;jblaxlande5d@tamu.edu;8380702522
Bleacher Junette;2217;30;jbleacherpi@artisteer.com;8380661346
Blinkhorn Catina;2081;75;cblinkhorn8y@squidoo.com;8380694597
Bloodworth Marion;2177;53;mbloodworthkr@devhub.com;8380544889
Blue Kalinda;2177;64;kbluekp@cnbc.com;8380499298
Bofield Starlene;2133;25;sbofieldfw@dion.ne.jp;8380731328
Boissier Winifield;2040;24;wboissier4x@imgur.com;8380730941
Bonome Orran;2065;37;obonome6c@whitehouse.gov;8380450892
Bools Bram;2242;62;bboolsqw@de.vu;8380531396
Border Anna-maria;2193;23;abordern1@clickbank.net;8380651464
Bowker Leanora;2116;93;lbowkerdx@hexun.com;8380652347
Bowness Zachariah;2015;38;zbowness1e@timesonline.co.uk;8380705122
Brabham Rey;2182;31;rbrabhamlg@nhs.uk;8380550013
Braisted Tito;2026;37;tbraisted36@cyberchimps.com;8380544870
Brake Ruth;2083;55;rbrake8z@state.tx.us;8380579232
Brakespear Alikee;2092;87;abrakespearaq@amazon.co.uk;8380536002
Brands Ransom;2098;104;rbrandsc4@sina.com.cn;8380515447
Brasted Boris;2243;108;bbrastedr7@census.gov;8380505026
Braunlein Catharine;2112;51;cbraunleincy@google.com.au;8380461800
Breston Jeannine;2170;86;jbrestonjf@blogspot.com;8380596692
Breukelman Etta;2215;79;ebreukelmanp6@de.vu;8380716426
Brickner Jeremie;2045;105;jbrickner56@istockphoto.com;8380697790
Brimble Eartha;2177;84;ebrimblekq@hatena.ne.jp;8380528700
Brinklow Knox;2080;50;kbrinklow8l@livejournal.com;8380536762
Brinsden Horatia;2200;41;hbrinsdennr@mediafire.com;8380726820
Broadfield Hanan;2167;95;hbroadfieldj7@yellowpages.com;8380571649
Brolechan Anatol;2165;89;abrolechanir@spiegel.de;8380639146
Brood Cindi;2040;82;cbrood4m@umich.edu;8380504941
Broose Kevon;2167;64;kbroosej5@boston.com;8380457145
Brunel Ricki;2209;57;rbrunelo1@icio.us;8380694619
Bruni Martynne;2132;76;mbrunifg@posterous.com;8380572211
Bubbear Adara;2040;30;abubbear4l@bandcamp.com;8380498437
Buckerfield Susannah;2215;76;sbuckerfieldp1@tinypic.com;8380475925
Buckthorpe Shannah;2073;70;sbuckthorpe7x@slashdot.org;8380615549
Bulloch Haskell;2074;33;hbulloch8a@google.cn;8380619803
Burkett Inga;2173;49;iburkettjj@deliciousdays.com;8380465237
Burless Constancy;2225;53;cburlesspx@opensource.org;8380486609
Burtwistle Carmel;2175;99;cburtwistlek1@skype.com;8380496558
Burvill Ugo;2170;38;uburvilljh@hubpages.com;8380625390
Butfield Boigie;2132;90;bbutfieldfd@hhs.gov;8380538919
Buzek Lek;2213;107;lbuzekot@ebay.co.uk;8380731417
Byles Tammy;2064;85;tbyles69@xinhuanet.com;8380552555
Cakebread Ashbey;2120;89;acakebreadf2@npr.org;8380698800
Cakes Felike;2133;88;fcakesfn@blinklist.com;8380521013
Calendar Rachelle;2015;36;rcalendar17@skype.com;8380505891
Calf Sandy;2015;69;scalf14@theatlantic.com;8380452607
Cammocke Dre;2038;57;dcammocke46@prlog.org;8380513827
Cammoile Zara;2094;47;zcammoileb7@blogs.com;8380583043
Canavan Madalena;2066;79;mcanavan6z@deviantart.com;8380735811
Canland Gayle;2215;62;gcanlandp3@paypal.com;8380533631
Cannam Hogan;2173;31;hcannamjm@sbwire.com;8380507371
Capewell Antonino;2165;110;acapewelliq@fda.gov;8380606701
Capitano Gerick;2181;107;gcapitanol8@rakuten.co.jp;8380695666
Capstaff Carlynn;2177;103;ccapstaffkw@google.com.au;8380606752
Cardow Jamil;2015;91;jcardow1d@imageshack.us;8380682203
Carleton Camila;2214;88;ccarletonoz@mozilla.com;8380698304
Carlow Julie;2212;92;jcarlowob@businessinsider.com;8380461371
Caroline Clayton;2166;55;ccarolineiw@netvibes.com;8380493494
Carp Alfred;2022;65;acarp22@goo.ne.jp;8380488083
Carstairs Phillipe;2142;74;pcarstairsgo@imageshack.us;8380538242
Caser Sari;2067;108;scaser78@yelp.com;8380662032
Cash Dex;2117;23;dcashe2@edublogs.org;8380478185
Casserly Brennan;2182;28;bcasserlylj@posterous.com;8380694643
Cassidy Kimmie;2086;94;kcassidy9q@vinaora.com;8380529901
Castri Heidi;2021;77;hcastri1v@indiatimes.com;8380578864
Cathee Leila;2026;102;lcathee33@time.com;8380467841
Causley Serene;2089;67;scausleya5@goodreads.com;8380569997
Cavanagh Cassy;2074;46;ccavanagh8c@microsoft.com;8380650409
Cavozzi Etty;2185;109;ecavozzima@imgur.com;8380694279
Cayet Debbi;2065;66;dcayet6e@tamu.edu;8380562976
Chadband Sholom;2040;73;schadband4n@weebly.com;8380559487
Challens Blair;2184;51;bchallensm1@sohu.com;8380652231
Champerlen Ephrayim;2080;45;echamperlen8o@nationalgeographic.com;8380606191
Champney Konstantine;2097;92;kchampneybv@deliciousdays.com;8380577981
Chaney Dillon;2173;72;dchaneyjl@edublogs.org;8380496930
Charnley Matias;2184;78;mcharnleym0@unc.edu;8380482328
Charnley Zorah;2064;44;zcharnley67@squidoo.com;8380516540
Cheasman Kinna;2174;34;kcheasmanjs@ihg.com;8380513282
Cheel Robbert;2021;102;rcheel1u@theguardian.com;8380490517
Chetwin Montague;2038;39;mchetwin4d@fastcompany.com;8380736303
Chiverton Halley;2116;29;hchivertone1@sitemeter.com;8380719379
Chuney Titos;2099;96;tchuneycd@springer.com;8380455614
Chuney Valina;2183;23;vchuneyls@qq.com;8380508211
Cicchitello Tyson;2086;87;tcicchitello9t@symantec.com;8380603524
Ciottoi Gelya;2009;23;gciottoi8@cloudflare.com;8380612647
Clampin Keri;2021;69;kclampin1x@hugedomains.com;8380659287
Clausson Ariela;2134;30;aclaussonfx@multiply.com;8380482093
Clayden Hana;2213;101;hclaydenoq@narod.ru;8380685806
Clorley Dorie;2096;89;dclorleybm@canalblog.com;8380668472
Clynter Davidson;2243;58;dclynterr8@unblog.fr;8380506723
Codi Neil;2066;84;ncodi6s@imageshack.us;8380565304
Cogman Constancy;2116;77;ccogmandz@ebay.co.uk;8380678060
Collough Sonnnie;2145;52;scolloughh8@eepurl.com;8380735307
Conquer Bethanne;2049;53;bconquer5g@4shared.com;8380730453
Conybear Warde;2191;25;wconybearmk@ucoz.com;8380639030
Coolson Emmalee;2243;94;ecoolsonrg@mapy.cz;8380706870
Coots Brant;2192;108;bcootsmt@barnesandnoble.com;8380732871
Copeland Nerita;2095;91;ncopelandba@twitter.com;8380507215
Cordero Raphael;2193;86;rcorderon0@istockphoto.com;8380594819
Cordoba Lurleen;2067;101;lcordoba7b@jugem.jp;8380693868
Corinton Foster;2142;57;fcorintongp@opera.com;8380619943
Cork Evin;2011;22;ecorkk@umich.edu;8380650964
Cornell Archy;2164;79;acornellig@rakuten.co.jp;8380535871
Cosser Shelly;2111;54;scossercv@lulu.com;8380590066
Cottem Kipp;2115;64;kcottemdl@cargocollective.com;8380689895
Couling Barnabe;2173;43;bcoulingjp@parallels.com;8380603710
Cove Collette;2161;57;ccovei0@google.com.au;8380582535
Covendon Brandea;2244;80;bcovendonri@buzzfeed.com;8380546164
Covill Kathryn;2183;58;kcovilllw@wsj.com;8380606698
Cowdray Carver;2064;28;ccowdray6a@sfgate.com;8380708393
Cowely Susette;2175;88;scowelyk2@wikispaces.com;8380550129
Coyett Aile;2181;87;acoyettla@github.io;8380718771
Cracoe Modesty;2132;66;mcracoefa@amazon.co.uk;8380471997
Craig Morry;2011;23;mcraigd@dropbox.com;8380458346
Craufurd Paulette;2011;87;pcraufurdh@msn.com;8380585739
Creamen Suzi;2049;47;screamen5b@cbc.ca;8380653408
Crichmere Sean;2065;45;scrichmere6d@intel.com;8380498445
Crighten Benjie;2141;78;bcrightengh@creativecommons.org;8380619250
Crighten Dory;2118;37;dcrightenem@ibm.com;8380729390
Cripin Antonella;2144;23;acripinh2@webs.com;8380728769
Crix Prudence;2192;39;pcrixmm@springer.com;8380516397
Croker Nathalia;2028;36;ncroker3y@yahoo.com;8380641582
Cropp Cissy;2086;102;ccropp9r@icio.us;8380546938
Cuel Reinwald;2242;62;rcuelqz@dropbox.com;8380604237
Cullity Coletta;2097;21;ccullityc0@cbc.ca;8380739450
Cushworth Pietrek;2096;67;pcushworthbk@liveinternet.ru;8380488024
Cutmore Eziechiele;2193;87;ecutmoremw@constantcontact.com;8380546083
Cyster Shelly;2135;96;scysterga@cmu.edu;8380541537
Daingerfield Benita;2114;60;bdaingerfieldd9@pagesperso-orange.fr;8380479831
Dalyell Ely;2212;45;edalyelloc@bing.com;8380483308
Danieli Wait;2097;79;wdanielibw@ft.com;8380683404
Darinton Corrianne;2027;28;cdarinton3k@ocn.ne.jp;8380535022
Darkins Ruthi;2235;101;rdarkinsqm@virginia.edu;8380710371
Darling Denice;2145;54;ddarlingh6@cbslocal.com;8380664876
Darville Putnam;2063;79;pdarville62@constantcontact.com;8380703243
Dashwood Antonietta;2026;97;adashwood3d@cornell.edu;8380739183
Davenhill Archer;2093;65;adavenhillav@si.edu;8380447743
De Beauchamp Corissa;2162;109;cdebeauchampi6@redcross.org;8380628780
de Copeman Nomi;2244;72;ndecopemanrj@naver.com;8380567617
De Marchi Stearne;2151;91;sdemarchihm@newsvine.com;8380525345
De Morena Mathilda;2051;60;mdemorena5i@marriott.com;8380497406
de Werk Galen;2060;82;gdewerk5s@artisteer.com;8380677064
Deehan Mayne;2027;103;mdeehan3f@plala.or.jp;8380464192
Defraine Pebrook;2014;21;pdefraine11@rediff.com;8380629698
Dellit Teddie;2114;91;tdellitdb@icq.com;8380680839
Deluze Selie;2181;26;sdeluzelb@hatena.ne.jp;8380719700
Derl Morey;2118;63;mderleb@spiegel.de;8380456017
Dewberry Lian;2163;30;ldewberryi8@google.de;8380507533
Dewitt Luisa;2143;51;ldewittgt@taobao.com;8380541162
Dibsdale Laryssa;2142;80;ldibsdalegr@sbwire.com;8380728394
Dietsche Matthieu;2066;95;mdietsche6v@odnoklassniki.ru;8380589378
Dilnot Merlina;2120;57;mdilnotf1@odnoklassniki.ru;8380599403
Dionisetti Cos;2191;68;cdionisettimd@indiatimes.com;8380469496
Ditchfield Drake;2164;54;dditchfieldih@cbc.ca;8380537610
Dixon Emmett;2067;94;edixon75@goo.gl;8380628365
Djurkovic Erin;2097;91;edjurkovicbp@accuweather.com;8380479262
Doerffer Jonis;2135;61;jdoerfferg6@telegraph.co.uk;8380477979
Dolley Halsey;2145;49;hdolleyh7@mapquest.com;8380684303
Domelow Helyn;2215;60;hdomelowp4@princeton.edu;8380573404
Domenge Cello;2151;68;cdomengehp@auda.org.au;8380587626
Dominguez Yolane;2141;84;ydominguezgj@addthis.com;8380657136
Domney Blanca;2233;106;bdomneyq9@ucla.edu;8380717279
Donke Massimo;2194;69;mdonkenc@nps.gov;8380547020
Donner Katherine;2099;73;kdonnercm@harvard.edu;8380738667
Doodney Arte;2191;61;adoodneymf@theguardian.com;8380581148
Dorman Colette;2175;40;cdormank3@stumbleupon.com;8380557042
Dottrell Dukie;2162;75;ddottrelli3@pinterest.com;8380511018
Dowbakin Nichole;2217;102;ndowbakinpk@amazon.co.uk;8380708083
Downgate Ralina;2135;105;rdowngategb@1688.com;8380562445
Dowrey Shandee;2097;85;sdowreybr@sun.com;8380495918
Dracksford Alick;2114;54;adracksfordda@rediff.com;8380522257
Drei Rosamond;2025;22;rdrei2s@army.mil;8380520319
Dring Robby;2216;106;rdringpa@aboutads.info;8380557263
Drohun Cally;2039;74;cdrohun4h@photobucket.com;8380608305
Duchesne Lester;2151;47;lduchesnehr@360.cn;8380700848
Duddan Elsa;2098;56;eduddanc7@ibm.com;8380526864
Duddin Halli;2074;98;hduddin8e@nih.gov;8380711076
Dudek Vincenz;2216;53;vdudekpc@hhs.gov;8380663551
Dudson Maxine;2211;94;mdudsono4@istockphoto.com;8380517164
Duer Penelopa;2017;24;pduer1o@ow.ly;8380635981
Duffer Lin;2093;103;ldufferaz@opensource.org;8380576705
Duffrie Albie;2182;45;aduffriell@hc360.com;8380703758
Duffy Laughton;2211;56;lduffyo6@phoca.cz;8380571568
Dugall Brit;2015;37;bdugall18@businessweek.com;8380520432
Dumblton Chalmers;2161;110;cdumbltonhz@theglobeandmail.com;8380561880
Dumsday Darla;2191;97;ddumsdaymi@nydailynews.com;8380616650
Dunaway Jocelyne;2166;44;jdunawayj0@imdb.com;8380667921
Dunkinson Katti;2194;93;kdunkinsonn8@xinhuanet.com;8380478169
Dunleavy Josefina;2165;102;jdunleavyiu@bravesites.com;8380730356
Dupoy Ellene;2225;84;edupoypz@ca.gov;8380553764
Dupree Prudy;2045;26;pdupree50@nationalgeographic.com;8380578856
Durdle Fayre;2173;89;fdurdlejo@epa.gov;8380562860
Durek Bart;2220;106;bdurekpw@multiply.com;8380725603
Durtnall Mel;2243;21;mdurtnallrd@usnews.com;8380616944
Durtnel Abbey;2086;80;adurtnela0@apache.org;8380726197
Dyas Karisa;2099;25;kdyasci@ehow.com;8380610687
Dyerson Gypsy;2166;28;gdyersonj1@canalblog.com;8380689860
Eardley Riane;2177;63;reardleyl0@go.com;8380736508
Eastes Myrna;2185;83;meastesmc@fc2.com;8380712846
Eastop Arlyn;2165;24;aeastopim@paypal.com;8380485661
Ebbins Avictor;2174;87;aebbinsjt@unc.edu;8380596943
Ebbotts Carlie;2049;72;cebbotts5c@odnoklassniki.ru;8380657845
Eburne Rosana;2133;46;reburnefp@imgur.com;8380544102
Eggers Benedicta;2116;87;beggersdw@wisc.edu;8380628721
Eglington Barnabe;2117;79;beglingtone7@china.com.cn;8380628489
Eighteen Lemmy;2119;64;leighteeneq@miitbeian.gov.cn;8380503473
Ellinor Allie;2251;39;aellinorrn@devhub.com;8380445333
Ells Melvin;2096;37;mellsbo@xinhuanet.com;8380741005
Empleton Godfrey;2098;77;gempletonc1@phoca.cz;8380453867
Engelbrecht Barty;2220;55;bengelbrechtpm@telegraph.co.uk;8380472047
Enser Nickolaus;2132;21;nenserfc@pcworld.com;8380484096
Entwisle Carine;2024;91;centwisle2g@twitter.com;8380519671
Esp Sara-ann;2027;38;sesp3o@sun.com;8380592026
Everard Edouard;2017;55;eeverard1r@paypal.com;8380720245
Ewbanks Martainn;2175;99;mewbanksjz@telegraph.co.uk;8380453972
Fairrie Marline;2181;25;mfairriel5@sbwire.com;8380574737
Faivre Freida;2182;77;ffaivreld@jugem.jp;8380494911
Farncombe Pam;2009;34;pfarncombec@toplist.cz;8380742249
Farrall Gilburt;2194;76;gfarrallnl@studiopress.com;8380744063
Feacham Dani;2151;84;dfeachamhn@dyndns.org;8380567412
Feavearyear Kala;2185;90;kfeavearyearm8@macromedia.com;8380584910
Feeny Yvette;2072;67;yfeeny7r@msu.edu;8380645634
Feldberg Drucie;2200;108;dfeldbergnq@nasa.gov;8380576101
Felderer Dorita;2099;34;dfelderercl@netvibes.com;8380699513
Fenton Agnola;2145;87;afentonh3@ow.ly;8380463927
Fessler Arlina;2098;98;afesslerc2@ft.com;8380454944
Feuell Hatti;2212;67;hfeuellol@tumblr.com;8380703782
Figiovanni Arlen;2080;29;afigiovanni8r@yellowbook.com;8380722329
Filyukov Tybi;2115;102;tfilyukovdm@loc.gov;8380709063
Flag Sylas;2073;72;sflag80@wufoo.com;8380676424
Flea Lion;2017;21;lflea1t@plala.or.jp;8380739353
Flippelli Krishna;2027;44;kflippelli3i@psu.edu;8380502442
Flode Honoria;2220;26;hflodepu@studiopress.com;8380679067
Fluin Gary;2072;28;gfluin7j@discovery.com;8380471369
Fogarty Kali;2095;65;kfogartybc@narod.ru;8380618319
Foister Brooke;2027;94;bfoister3g@jiathis.com;8380477049
Folkes Konstanze;2026;45;kfolkes3c@nasa.gov;8380660951
Follacaro Everard;2092;88;efollacaroau@newyorker.com;8380714385
Fookes Morie;2009;68;mfookes7@ox.ac.uk;8380560841
Fordy Katharyn;2181;87;kfordyl2@ibm.com;8380503031
Forrest Emelen;2072;53;eforrest7p@patch.com;8380638131
Francello Anstice;2151;24;afrancellohl@irs.gov;8380513444
Francillo Ginger;2242;42;gfrancilloqu@uol.com.br;8380500628
Frandsen Austin;2063;32;afrandsen5y@wikia.com;8380646401
Franey Olivia;2194;52;ofraneynf@twitpic.com;8380566343
Frarey Gran;2074;108;gfrarey8b@usa.gov;8380621476
Frichley Lorne;2017;71;lfrichley1n@sbwire.com;8380608232
Furniss Leighton;2175;28;lfurnisska@surveymonkey.com;8380640527
Furnival Dominick;2097;43;dfurnivalby@bloomberg.com;8380707095
Gaiter Erek;2085;51;egaiter9m@symantec.com;8380593111
Gallichiccio Dinah;2146;76;dgallichiccioha@studiopress.com;8380475917
Galliver Karmen;2086;109;kgalliver9y@webeden.co.uk;8380701658
Gallo Queenie;2115;101;qgallodf@marriott.com;8380588495
Ganderton Burty;2215;34;bgandertonp5@state.tx.us;8380665031
Gange Miguelita;2161;44;mgangehy@google.pl;8380546776
Garard Shalna;2112;50;sgarardd3@rakuten.co.jp;8380691563
Garlant Lorilyn;2073;106;lgarlant85@cafepress.com;8380743180
Garrad Odelle;2243;66;ogarradra@nature.com;8380550846
Gasticke Gloriane;2174;71;ggastickejx@theguardian.com;8380707818
Gatty Randy;2120;91;rgattyf3@cornell.edu;8380705130
Gaylord Stormie;2183;56;sgaylordlp@desdev.cn;8380473574
Gayton Magdalen;2117;26;mgaytone5@csmonitor.com;8380597362
Gerrets Shandra;2234;63;sgerretsqb@si.edu;8380526066
Gerrey Deanna;2234;101;dgerreyqc@hubpages.com;8380539427
Gheorghe Farrel;2144;102;fgheorghegz@prlog.org;8380483944
Ghidelli Eveleen;2028;60;eghidelli3v@unicef.org;8380571657
Gianelli Kurt;2177;90;kgianellikv@mac.com;8380563816
Gibbins Judith;2015;22;jgibbins15@accuweather.com;8380475054
Gilli Melessa;2212;47;mgilliof@time.com;8380566246
Ginnell Adriano;2053;53;aginnell5n@homestead.com;8380612582
Giorgiutti Caryn;2133;77;cgiorgiuttifm@cmu.edu;8380503236
Giraudat Trumann;2064;48;tgiraudat68@360.cn;8380547837
Gisburn Whitman;2217;27;wgisburnpd@ovh.net;8380531477
Gisburne Alanna;2211;92;agisburneo8@wix.com;8380587332
Gleadhell Whitney;2015;29;wgleadhell1c@smh.com.au;8380592883
Glen Krystalle;2177;107;kglenky@buzzfeed.com;8380662806
Goalby Sissy;2194;93;sgoalbynh@gravatar.com;8380603192
Goforth Ronni;2132;71;rgoforthfh@phpbb.com;8380646800
Goldsbrough Aldric;2015;86;agoldsbrough16@xinhuanet.com;8380496248
Gomes Pooh;2095;21;pgomesbd@hc360.com;8380648110
Gonoude Megan;2133;73;mgonoudefu@paypal.com;8380672577
Goose Hedwig;2111;38;hgoosecw@mlb.com;8380598016
Goracci Farah;2134;53;fgoraccify@bloomberg.com;8380496752
Goscar Genny;2211;99;ggoscaro5@theguardian.com;8380530918
Goscar Maurine;2040;63;mgoscar4u@about.me;8380666399
Gothrup Klara;2161;87;kgothruphu@people.com.cn;8380505689
Goulborne Byram;2191;69;bgoulbornemg@usgs.gov;8380598687
Gouly Freddie;2146;72;fgoulyhh@columbia.edu;8380637135
Grafhom Shawn;2220;28;sgrafhompt@1und1.de;8380641574
Grafton-Herbert Vere;2095;77;vgraftonherbertb9@tinyurl.com;8380496957
Gramer Tallie;2085;88;tgramer9l@wsj.com;8380575083
Grasha Tallie;2118;87;tgrashaed@nsw.gov.au;8380520947
Grassett Wat;2132;77;wgrassettfi@discovery.com;8380646835
Greenfield Vassily;2115;49;vgreenfielddn@edublogs.org;8380714237
Grelik Nixie;2066;108;ngrelik6m@eventbrite.com;8380462262
Grevel Emmeline;2100;50;egrevelcr@nationalgeographic.com;8380612205
Grimsdell Eleanor;2243;80;egrimsdellr5@mayoclinic.com;8380471865
Grimwad Yank;2098;28;ygrimwadc9@github.io;8380645405
Grishukhin Melosa;2045;63;mgrishukhin4y@paginegialle.it;8380510380
Grzesiak Arline;2217;90;agrzesiakpl@pagesperso-orange.fr;8380745175
Gudahy Ivette;2209;103;igudahyo2@bigcartel.com;8380700287
Gudde Ardelia;2045;93;agudde58@sogou.com;8380742370
Guidera Way;2030;42;wguidera40@miibeian.gov.cn;8380581776
Gummery Zuzana;2174;84;zgummeryjv@dailymail.co.uk;8380679563
Gummow Luis;2181;70;lgummowl1@istockphoto.com;8380466810
Gutierrez Lillis;2023;26;lgutierrez2e@hexun.com;8380698363
Guyot Hartwell;2084;47;hguyot93@jalbum.net;8380475577
Habbal Sherie;2176;38;shabbalkn@fda.gov;8380744306
Habercham Marilyn;2234;107;mhaberchamqf@youku.com;8380730275
Hadkins Anestassia;2064;63;ahadkins66@sciencedaily.com;8380478517
Hagley Ware;2170;39;whagleyjd@cdbaby.com;8380468554
Halfhead Adolf;2084;88;ahalfhead95@51.la;8380500342
Halifax Lindie;2185;71;lhalifaxmb@squidoo.com;8380705092
Halligan Rosabel;2080;103;rhalligan8m@dell.com;8380552733
Hallwell Jasen;2143;77;jhallwellgw@auda.org.au;8380670299
Hamil Brig;2063;39;bhamil5u@dailymail.co.uk;8380477162
Hamnet Albie;2120;29;ahamnetf0@ucoz.com;8380558316
Handover Lorilee;2084;74;lhandover9e@goo.ne.jp;8380739582
Hanhard Dody;2243;43;dhanhardrf@earthlink.net;8380693337
Hansberry Reine;2072;75;rhansberry7s@gov.uk;8380648870
Hanscome Agatha;2193;36;ahanscomemx@tumblr.com;8380573188
Hanscome Lotti;2093;45;lhanscomeb0@infoseek.co.jp;8380607481
Hanse Jack;2025;46;jhanse32@yahoo.com;8380744721
Hanshawe Myrta;2099;107;mhanshawech@bluehost.com;8380605810
Hansill Alvie;2026;65;ahansill37@t.co;8380564022
Harberer Agace;2167;49;aharbererj8@army.mil;8380575458
Hardbattle Jillane;2038;100;jhardbattle49@reddit.com;8380686586
Harding Myrah;2194;51;mhardingng@google.com.au;8380601068
Harle Iris;2022;77;iharle25@istockphoto.com;8380594037
Harvatt Homerus;2243;99;hharvattre@163.com;8380674235
Hasard Lauritz;2026;46;lhasard38@tamu.edu;8380634993
Hatherley Ludovika;2074;45;lhatherley8g@usda.gov;8380717503
Haverty Waring;2243;110;whavertyr6@paginegialle.it;8380476425
Hawarden Jenifer;2099;35;jhawardence@apache.org;8380456920
Hayles Giorgio;2215;70;ghaylesp2@wp.com;8380513045
Hazeman Kameko;2118;58;khazemanek@people.com.cn;8380670833
Hector Lloyd;2132;97;lhectorff@psu.edu;8380551109
Hedditeh Nelson;2209;32;nhedditehnz@jigsy.com;8380603915
Hedgecock Maxie;2170;96;mhedgecockji@bravesites.com;8380731891
Hefforde Giralda;2094;39;gheffordeb8@over-blog.com;8380586360
Heibl Lucas;2093;59;lheiblaw@ucoz.com;8380497341
Hein Shena;2115;81;sheindi@cbslocal.com;8380619358
Heinsen Harlan;2173;109;hheinsenjk@baidu.com;8380478053
Heintsch Erroll;2193;91;eheintschn4@walmart.com;8380740238
Heintze Cassi;2063;24;cheintze5v@goo.ne.jp;8380550854
Heller Thelma;2023;80;theller29@meetup.com;8380543866
Hellwich Forbes;2113;91;fhellwichd7@pbs.org;8380683994
Henner Wylie;2040;100;whenner4k@unblog.fr;8380446143
Hiddsley Giovanni;2000;102;ghiddsley4@ihg.com;8380709012
Hinchcliffe Nadiya;2063;51;nhinchcliffe60@symantec.com;8380672992
Hindge Gabrila;2015;52;ghindge1a@elpais.com;8380553713
Hockey Sandor;2099;56;shockeyck@moonfruit.com;8380696476
Hoffman Krishna;2080;99;khoffman8n@uol.com.br;8380600592
Holmyard Dorie;2175;105;dholmyardk5@xing.com;8380577086
Horrell Titos;2073;51;thorrell81@dailymotion.com;8380700988
Housen Maggie;2026;44;mhousen34@mapy.cz;8380468902
Houtbie Peggy;2165;50;phoutbiein@comsenz.com;8380533720
Hovell Margot;2086;38;mhovell9z@imgur.com;8380702832
Howick Carleton;2072;52;chowick7k@sphinn.com;8380509994
Hoyles Berthe;2084;93;bhoyles9c@cargocollective.com;8380679601
Hrus Joann;2065;93;jhrus6j@businesswire.com;8380664353
Hrycek Mela;2085;64;mhrycek9p@noaa.gov;8380688775
Huard Priscilla;2022;25;phuard27@techcrunch.com;8380737717
Huddy Candide;2235;98;chuddyqg@vinaora.com;8380530217
Hudless Grayce;2025;77;ghudless2r@constantcontact.com;8380520246
Huffey Alec;2091;44;ahuffeyam@instagram.com;8380728637
Hughesdon Dan;2176;86;dhughesdonkj@sun.com;8380728688
Hulbert Cosme;2025;78;chulbert2x@boston.com;8380686772
Hunter Christi;2165;36;chunterit@facebook.com;8380722639
Hurrion Tadeas;2200;72;thurrionns@1und1.de;8380737598
Hurtado Ardella;2213;51;ahurtadoor@hc360.com;8380687108
Hutchens Velvet;2235;75;vhutchensqj@springer.com;8380624866
Hyndley Ashly;2167;109;ahyndleyja@lulu.com;8380602307
Hyndley Danell;2098;102;dhyndleyc3@ehow.com;8380497929
Iacomelli Tani;2014;99;tiacomelliy@bloglines.com;8380510429
Iacovielli Edgardo;2216;40;eiacoviellip7@intel.com;8380467582
Ibbison Steffi;2038;41;sibbison48@yellowbook.com;8380669266
Idel Crin;2242;87;cidelqx@wikia.com;8380557271
Ilbert Delores;2167;85;dilbertjb@squidoo.com;8380670639
Ilyukhov Blanch;2113;31;bilyukhovd4@ning.com;8380512979
Ingerman Ira;2119;47;iingermaneu@ucoz.com;8380621905
Inglesent Brantley;2144;76;binglesenth0@census.gov;8380659821
Ingrem Rosmunda;2113;95;ringremd6@cdbaby.com;8380631633
Ingry Homere;2146;69;hingryhe@is.gd;8380554388
Ionesco Everard;2135;59;eionescog9@devhub.com;8380509773
Ionnidis Florina;2241;58;fionnidisqp@chron.com;8380654471
Ivanyushin Arturo;2176;45;aivanyushinkh@cornell.edu;8380653130
Ivashov Stephanie;2143;39;sivashovgu@tripadvisor.com;8380591402
Ivatt Eleonore;2161;110;eivatthw@google.pl;8380526597
Jackson Eloise;2163;103;ejacksonic@wordpress.org;8380623622
Jacobovitz Maryann;2071;96;mjacobovitz7c@soundcloud.com;8380474902
Jacquemot Marney;2084;79;mjacquemot98@businessweek.com;8380569490
Jahnel Adlai;2151;48;ajahnelho@slate.com;8380572033
Janse William;2120;42;wjansef4@globo.com;8380707362
Jeanenet Carmelle;2016;110;cjeanenet1h@stumbleupon.com;8380490932
Jeduch Florry;2192;86;fjeduchmq@microsoft.com;8380682858
Jellico Dana;2192;44;djellicomo@loc.gov;8380580923
Jentgens Ofilia;2089;97;ojentgensa3@admin.ch;8380468082
Jimpson Laurette;2185;80;ljimpsonm6@reuters.com;8380494091
Jinda Efrem;2086;71;ejinda9v@engadget.com;8380647823
Jindrich Klara;2027;99;kjindrich3n@dedecms.com;8380575512
Jirsa Emera;2027;68;ejirsa3j@smh.com.au;8380517857
Josefs Sophey;2117;57;sjosefse4@zdnet.com;8380558723
Joyson Diego;2030;20;djoyson44@java.com;8380614372
Jurkiewicz Rhea;2084;85;rjurkiewicz9d@miitbeian.gov.cn;8380720725
Jzak Sibella;2022;26;sjzak20@comcast.net;8380462378
Kabos Mina;2135;35;mkabosg8@amazon.co.jp;8380505913
Kabsch Clare;2131;79;ckabschf9@indiatimes.com;8380628411
Kadd Malissia;2177;73;mkaddku@miibeian.gov.cn;8380556690
Karlicek Ardelia;2209;77;akarliceknx@java.com;8380543882
Kassman Lillian;2024;60;lkassman2i@bigcartel.com;8380576632
Katt Calli;2116;41;ckattdr@miitbeian.gov.cn;8380511298
Keene Allene;2146;45;akeeneh9@aboutads.info;8380470214
Keld Sascha;2014;57;skeld13@time.com;8380739051
Kempson Care;2065;96;ckempson6i@istockphoto.com;8380626591
Kempson Emelita;2176;83;ekempsonkk@deviantart.com;8380737296
Kenealy Shanta;2000;29;skenealy0@sogou.com;8380467787
Kener Julissa;2090;100;jkenerab@sakura.ne.jp;8380507509
Kenewel Tillie;2117;41;tkenewele9@princeton.edu;8380705572
Kerley Paola;2167;82;pkerleyjc@businesswire.com;8380742699
Kermitt Olivia;2053;42;okermitt5o@mapquest.com;8380627709
Kerner Abba;2164;58;akernerik@google.ca;8380691156
Kerrane Goddart;2244;50;gkerranerm@npr.org;8380718526
Kerton Kirby;2181;88;kkertonl9@ehow.com;8380715462
Ketch Tonnie;2200;57;tketchno@miitbeian.gov.cn;8380528433
Kettridge Vale;2097;23;vkettridgebq@addthis.com;8380480287
Kidsley Langston;2097;25;lkidsleybz@addtoany.com;8380711025
Kidson Felice;2039;59;fkidson4e@fc2.com;8380455010
Kilbourne Brina;2025;94;bkilbourne2v@ucoz.ru;8380622553
Kilfeder Jacques;2073;49;jkilfeder83@alexa.com;8380718054
Kinane Simeon;2175;56;skinanekb@shop-pro.jp;8380684273
Kingaby August;2173;21;akingabyjn@time.com;8380521676
Kingerby Clemens;2192;105;ckingerbymn@g.co;8380543394
Kinloch Ernaline;2028;47;ekinloch3u@netlog.com;8380555023
Kippins Barbabas;2120;101;bkippinsey@house.gov;8380509056
Kirdsch Afton;2132;92;akirdschfe@opera.com;8380542630
Kirkbride Luce;2111;47;lkirkbridecx@drupal.org;8380611160
Kirvell Micky;2151;30;mkirvellhs@bravesites.com;8380733169
Klus Patsy;2176;105;pkluskg@g.co;8380601009
Knivett Mirabel;2146;87;mknivetthb@bing.com;8380510704
Knoble Carol;2209;49;cknobleo3@berkeley.edu;8380732421
Kovalski Celestyna;2071;91;ckovalski7d@booking.com;8380511190
Kristoffersen Bayard;2174;101;bkristoffersenjw@ihg.com;8380684435
Kulicke Yovonnda;2119;50;ykulickeet@tamu.edu;8380612086
Kunkel Linoel;2131;38;lkunkelf6@timesonline.co.uk;8380449452
Labrenz Fonzie;2049;105;flabrenz59@bigcartel.com;8380484207
Lackinton Mechelle;2165;46;mlackintonis@wired.com;8380709462
Laddle Brewster;2000;69;bladdle2@java.com;8380537424
Ladel Filmore;2072;109;fladel7o@g.co;8380586999
Lambert Waylin;2211;30;wlambertoa@cornell.edu;8380706714
Lammiman Berenice;2234;35;blammimanqe@xrea.com;8380637607
Lampard Lev;2164;41;llampardif@4shared.com;8380499468
Lantry Anestassia;2233;61;alantryq7@microsoft.com;8380701178
Lapworth Pia;2192;100;plapworthmp@simplemachines.org;8380646916
Lared Ollie;2081;28;olared8x@bbc.co.uk;8380653602
Larmet Charlotte;2027;32;clarmet3m@intel.com;8380557158
Laurant Jordanna;2014;88;jlaurant10@stumbleupon.com;8380574486
Lavalle Bunny;2066;60;blavalle6q@mit.edu;8380553012
Lawman Yalonda;2241;55;ylawmanqn@woothemes.com;8380600053
Laycock Noelle;2074;109;nlaycock8h@cnbc.com;8380721705
Leadston Shelley;2242;34;sleadstonqy@wordpress.com;8380599861
Leband Rosella;2064;27;rleband65@twitter.com;8380463374
Leber Laetitia;2026;54;lleber35@lulu.com;8380475194
Ledford Avigdor;2017;86;aledford1s@com.com;8380739019
LeEstut Jania;2235;35;jleestutqk@about.com;8380629574
Leete Tad;2135;34;tleeteg7@ebay.co.uk;8380485254
Lehenmann Demeter;2084;80;dlehenmann96@time.com;8380502612
Lemery Barr;2009;98;blemery9@multiply.com;8380682742
Lemm Vincenz;2212;100;vlemmod@wunderground.com;8380517628
Lesly Cointon;2096;24;cleslybh@yale.edu;8380447786
Lethbrig Mikkel;2200;77;mlethbrignn@vinaora.com;8380528395
Leve Erny;2097;109;elevebx@unc.edu;8380701909
Leverage Thomasin;2117;75;tleveragee3@smugmug.com;8380490851
Lewisham Leia;2194;64;llewishamn5@bravesites.com;8380461134
Lewsam Ilaire;2098;41;ilewsamca@studiopress.com;8380673840
Lewty Vincent;2084;89;vlewty9f@telegraph.co.uk;8380739590
Leynton Chaddie;2093;28;cleyntonax@toplist.cz;8380517016
Lillicrop Charlean;2234;44;clillicropqd@washingtonpost.com;8380554590
Limbert Randy;2095;92;rlimbertbg@mashable.com;8380695372
Lindenfeld Leif;2074;101;llindenfeld88@bing.com;8380525809
Linggood Chloe;2011;50;clinggoodl@hibu.com;8380654110
Linzee Donnie;2174;72;dlinzeeju@i2i.jp;8380652754
Lister Edeline;2142;79;elistergn@chronoengine.com;8380479734
Littlekit Danyelle;2118;34;dlittlekitei@google.fr;8380649206
Liversedge Rodrick;2242;32;rliversedger1@comcast.net;8380672445
Locarno Giffer;2013;88;glocarnot@live.com;8380588363
Lodovichi Johnnie;2230;93;jlodovichiq3@smh.com.au;8380673824
Lomasna Katrina;2024;93;klomasna2l@squarespace.com;8380645170
Longhi Cristie;2060;66;clonghi5p@bloomberg.com;8380449827
Lorenc Delmor;2132;70;dlorencfj@tmall.com;8380652622
Lourens Lowell;2025;85;llourens30@com.com;8380703898
Lowdes Veronike;2176;94;vlowdeskd@weibo.com;8380464559
Lowrie Peggie;2151;34;plowrieht@ask.com;8380733533
Ludlom Vittoria;2142;72;vludlomgm@ucla.edu;8380472764
Ludwikiewicz Jsandye;2092;89;jludwikiewiczar@netscape.com;8380581210
Lugg Christabel;2209;96;cluggo0@bing.com;8380655443
Luke Dredi;2118;95;dlukeef@mtv.com;8380545834
Luscombe Hermy;2097;32;hluscombebs@house.gov;8380513223
Lysaght Fanchon;2142;78;flysaghtgl@flavors.me;8380458435
MacBain Maris;2235;60;mmacbainqh@zimbio.com;8380575016
MacCallister Hector;2118;95;hmaccallisterej@utexas.edu;8380661052
MacCheyne Gustie;2089;97;gmaccheynea6@myspace.com;8380597389
MacColgan Mindy;2066;77;mmaccolgan70@wisc.edu;8380741706
MacConnel Uriah;2038;84;umacconnel4b@usa.gov;8380690699
MacDonough Aliza;2163;74;amacdonoughie@jimdo.com;8380732154
MacEntee Timmi;2093;74;tmacenteeay@prlog.org;8380561147
Macias Naomi;2100;88;nmaciascn@hibu.com;8380534573
Mackelworth Humbert;2021;64;hmackelworth1y@japanpost.jp;8380686225
MacKowle Kirby;2200;71;kmackowlenp@youtu.be;8380530187
MacNeachtain Nester;2243;31;nmacneachtainr9@yellowbook.com;8380525639
MacTague Sibella;2013;22;smactaguew@unblog.fr;8380733452
MacVay Bettine;2073;109;bmacvay7t@craigslist.org;8380487273
Maghull Davidde;2143;107;dmaghullgv@csmonitor.com;8380604679
Mahady Jarrett;2027;62;jmahady3l@archive.org;8380556488
Maitland Gib;2049;89;gmaitland5f@drupal.org;8380713990
Malin Catlaina;2211;30;cmalino7@wordpress.com;8380572882
Mallinson Vidovic;2161;74;vmallinsonhv@time.com;8380517385
Mandy Maryann;2185;109;mmandym9@chicagotribune.com;8380687345
Manon Drugi;2025;39;dmanon2z@ask.com;8380703863
Marcinkus Hobey;2027;67;hmarcinkus3q@chicagotribune.com;8380678818
Marnes Lucho;2182;76;lmarnesle@msu.edu;8380497953
Marples Cobb;2081;108;cmarples8v@goo.ne.jp;8380569342
Marti Jobye;2073;61;jmarti7v@amazonaws.com;8380547721
Martinets Othelia;2166;100;omartinetsj3@ucsd.edu;8380693043
Martschke Josey;2120;28;jmartschkeez@list-manage.com;8380516656
Masurel Pren;2175;42;pmasurelk6@yellowpages.com;8380592441
Matevushev Nessie;2177;71;nmatevushevko@google.cn;8380454324
Mattheissen Beniamino;2026;84;bmattheissen39@reuters.com;8380637542
Mayling Genevieve;2193;105;gmaylingmy@google.nl;8380589688
Maytum Yoshiko;2099;64;ymaytumcj@woothemes.com;8380625315
Mc Kellen Tomaso;2191;85;tmckellenmj@homestead.com;8380626389
McCarlie Kevina;2184;71;kmccarliem3@usa.gov;8380702646
McCay Ofella;2242;32;omccayr2@hexun.com;8380742567
McCloy Daryle;2134;102;dmccloyg2@wiley.com;8380673336
McCluney Nady;2132;105;nmccluneyfk@spotify.com;8380688805
McCoish Dahlia;2113;34;dmccoishd5@deliciousdays.com;8380604016
McCuaig Jo-ann;2051;29;jmccuaig5j@marketwatch.com;8380510496
McDougal Caty;2118;83;cmcdougalec@intel.com;8380476093
McGillivrie Loy;2073;40;lmcgillivrie84@nationalgeographic.com;8380724100
McGrah Ange;2184;65;amcgrahm2@senate.gov;8380666259
McInteer Moshe;2177;78;mmcinteerkt@cnbc.com;8380551583
McKern Mortimer;2142;70;mmckerngq@twitter.com;8380625757
McLoney Rosalie;2182;105;rmcloneylf@salon.com;8380510240
McNally Albie;2167;92;amcnallyj9@bravesites.com;8380587510
McRamsey Theo;2233;68;tmcramseyq5@time.com;8380461975
McSaul Don;2039;20;dmcsaul4i@who.int;8380660021
McTrustrie Regan;2165;50;rmctrustrieip@netscape.com;8380551443
Measom Constantia;2083;35;cmeasom91@printfriendly.com;8380711866
Mechi Helaine;2211;89;hmechio9@reference.com;8380663608
Megarrell Milton;2085;109;mmegarrell9o@guardian.co.uk;8380683528
Meininger Georgianne;2045;75;gmeininger57@shutterfly.com;8380731905
Mellish Lamont;2115;64;lmellishdd@yellowbook.com;8380511417
Menat Glynda;2251;37;gmenatrr@ox.ac.uk;8380646584
Menear Addy;2066;55;amenear6u@oakley.com;8380587618
Meritt Romola;2163;23;rmeritti9@jalbum.net;8380523245
Metschke Allsun;2092;46;ametschkeao@soundcloud.com;8380491165
Meuse Sherline;2117;106;smeusee6@bloomberg.com;8380622383
Milkeham Chancey;2023;71;cmilkeham2f@webeden.co.uk;8380713834
Milton Barnie;2166;89;bmiltonj2@samsung.com;8380692330
Minchell Fonz;2164;82;fminchellij@mac.com;8380675665
Mineghelli Asia;2027;52;amineghelli3h@bing.com;8380486358
Mirfin Aloin;2185;23;amirfinm7@friendfeed.com;8380526481
Mitham Wake;2065;20;wmitham6g@people.com.cn;8380621522
Molan Josselyn;2090;97;jmolanae@buzzfeed.com;8380658663
Mollatt Tobi;2182;87;tmollattln@chron.com;8380738527
Moody Gus;2086;29;gmoody9x@blogger.com;8380669665
Mora Joni;2097;92;jmorabt@yale.edu;8380555708
Mothersdale Cris;2013;69;cmothersdales@imgur.com;8380579054
Mouatt Helena;2181;35;hmouattl6@issuu.com;8380576047
Moyers Belvia;2142;109;bmoyersgk@devhub.com;8380450140
Munkley Fraze;2011;94;fmunkleyo@wiley.com;8380701992
Murgatroyd Bliss;2023;64;bmurgatroyd2c@vimeo.com;8380622650
Murrhardt Ofilia;2166;80;omurrhardtix@admin.ch;8380516419
Murrow Annamarie;2014;59;amurrowx@shinystat.com;8380464923
Musker Rhona;2083;92;rmusker90@phpbb.com;8380665716
Mussington Friedrick;2071;101;fmussington7i@gnu.org;8380691334
Musslewhite Tiff;2030;80;tmusslewhite42@yellowbook.com;8380600509
Nacci Goldy;2049;98;gnacci5e@ft.com;8380707524
Nano Raphaela;2067;109;rnano73@bbc.co.uk;8380617304
Napolitano Ronica;2060;32;rnapolitano5r@cdc.gov;8380669894
Nattriss Haskel;2146;99;hnattrisshi@wisc.edu;8380681266
Neilly Gideon;2022;27;gneilly24@mapy.cz;8380570316
Nevett Frederique;2216;83;fnevettp9@dot.gov;8380519787
Newbegin Davida;2133;54;dnewbeginft@google.com.br;8380609018
Newe Tildy;2071;100;tnewe7g@posterous.com;8380650166
Nockles Cammie;2112;21;cnocklesd0@illinois.edu;8380607686
Normabell Ursola;2040;62;unormabell4t@cocolog-nifty.com;8380655168
Northcott Reider;2141;82;rnorthcottgf@economist.com;8380541626
Nutbeem Raychel;2025;25;rnutbeem2q@symantec.com;8380514122
Nutbeem Rickert;2027;88;rnutbeem3e@cmu.edu;8380460391
Oaten Erik;2000;70;eoaten3@skyrock.com;8380617428
O'Boyle Kristoffer;2251;86;koboylero@accuweather.com;8380484940
O'Callaghan Theodora;2235;42;tocallaghanqi@washington.edu;8380597869
O'Doherty Molly;2213;60;modohertyos@who.int;8380698606
O'Driscoll Maura;2030;27;modriscoll41@rediff.com;8380596137
O'Heneghan Mabelle;2167;87;moheneghanj6@unblog.fr;8380516079
O'Hern Fernanda;2091;67;fohernaj@ow.ly;8380668197
Oles Perkin;2181;45;polesl4@umich.edu;8380524829
Oley Paulie;2016;95;poley1l@fda.gov;8380636570
Ollerhead Brandise;2100;33;bollerheadcq@purevolume.com;8380581393
Ondrus Miran;2065;69;mondrus6l@reuters.com;8380705270
Orrock Paul;2093;47;porrockb2@cnn.com;8380622308
Osband Edmund;2094;21;eosbandb6@quantcast.com;8380527313
O'Sirin Marga;2243;62;mosirinr4@marriott.com;8380471075
Ottiwill Gilli;2045;48;gottiwill54@harvard.edu;8380668251
Ovendon Cleavland;2053;86;covendon5l@bbb.org;8380484282
Pagram Milzie;2022;97;mpagram21@salon.com;8380473051
Paladino Megen;2095;70;mpaladinobe@businessinsider.com;8380651014
Palke Westbrook;2116;108;wpalkedu@xrea.com;8380584740
Pallin Tuesday;2214;34;tpallinox@ebay.co.uk;8380547349
Paolillo Franky;2164;107;fpaolilloii@stanford.edu;8380574923
Paolucci Nowell;2045;106;npaolucci55@scientificamerican.com;8380691768
Pardey Martha;2040;27;mpardey4p@ted.com;8380581202
Pardoe Diane;2113;38;dpardoed8@imgur.com;8380711211
Pavese Brander;2024;77;bpavese2n@zimbio.com;8380683927
Pawfoot Gavra;2040;37;gpawfoot4o@google.co.jp;8380564987
Payn Berti;2067;38;bpayn77@dailymail.co.uk;8380640500
Payze Amargo;2084;74;apayze99@examiner.com;8380590384
Peers Quintus;2063;80;qpeers5x@ebay.com;8380616111
Peirson Becca;2183;82;bpeirsonlt@earthlink.net;8380537521
Pembry Kennie;2011;32;kpembryg@t-online.de;8380530594
Penniell Clea;2092;56;cpenniellas@t-online.de;8380594134
Perren Hugues;2081;107;hperren8w@imgur.com;8380589254
Peter Bordie;2241;99;bpeterqo@apple.com;8380649486
Petherick Aguie;2024;91;apetherick2m@godaddy.com;8380654870
Petken Tresa;2194;106;tpetkennj@redcross.org;8380636813
Petrashkov Susi;2181;71;spetrashkovl3@i2i.jp;8380524179
Phillips Dianna;2080;85;dphillips8i@time.com;8380457633
Philpotts Doti;2022;83;dphilpotts26@java.com;8380626125
Phizacklea Gavin;2091;51;gphizackleaag@studiopress.com;8380542266
Pickance Daven;2030;70;dpickance45@thetimes.co.uk;8380701143
Pickthorne Klement;2212;47;kpickthorneoe@ameblo.jp;8380543513
Picot Yolane;2185;101;ypicotm5@wunderground.com;8380463331
Pigram Olia;2141;32;opigramgi@php.net;8380644875
Pilfold Sibyl;2013;68;spilfoldv@diigo.com;8380700376
Pinsent Francisca;2225;23;fpinsentpy@nps.gov;8380494288
Piperley Rickie;2091;61;rpiperleyak@wix.com;8380690680
Pipkin Aleksandr;2170;43;apipkinjg@spotify.com;8380608097
Pippard Sherlocke;2212;74;spippardoh@npr.org;8380590600
Pitcher Hersch;2220;78;hpitcherpr@sphinn.com;8380566505
Pither Carlene;2131;22;cpitherf8@scientificamerican.com;8380556437
Pitkaithly Retha;2217;90;rpitkaithlypj@google.com.br;8380688880
Piwall Jolie;2174;82;jpiwalljr@stumbleupon.com;8380472276
Pizzey Cherianne;2194;33;cpizzeyn6@va.gov;8380469240
Points Ginevra;2166;24;gpointsiy@livejournal.com;8380542401
Pollett Amara;2086;67;apollett9s@utexas.edu;8380553365
Pordall Tessy;2098;24;tpordallcc@tinypic.com;8380742087
Portinari Jyoti;2045;38;jportinari53@google.com.au;8380666526
Pozzo Allard;2146;50;apozzohk@joomla.org;8380726014
Prettejohns Vergil;2209;71;vprettejohnsny@upenn.edu;8380602064
Priddy Marge;2145;97;mpriddyh4@furl.net;8380615743
Pridie Masha;2193;96;mpridiemv@bloomberg.com;8380480805
Priter Dorelia;2015;37;dpriter19@ifeng.com;8380543610
Pull Humfrid;2165;90;hpullil@globo.com;8380472373
Puvia Clotilda;2220;73;cpuviapn@sbwire.com;8380480082
Queripel Horton;2162;40;hqueripeli7@sciencedaily.com;8380635906
Quested Barbey;2181;34;bquestedlc@archive.org;8380728181
Qusklay Granger;2030;77;gqusklay3z@hugedomains.com;8380552288
Racher Fidelity;2230;104;fracherq4@prnewswire.com;8380713184
Rack Pippa;2131;38;prackf7@indiegogo.com;8380527143
Raddenbury Ynez;2133;75;yraddenburyfs@apache.org;8380569466
Rain Bertie;2176;91;brainkl@latimes.com;8380737660
Rangle Mickie;2065;52;mrangle6h@state.tx.us;8380625048
Ranyell Ursola;2084;110;uranyell97@sun.com;8380551133
Rattray Hurlee;2014;22;hrattrayz@bloglines.com;8380517504
Rattry Deanna;2016;64;drattry1j@nationalgeographic.com;8380513207
Rawlcliffe Palm;2163;20;prawlcliffeia@mayoclinic.com;8380569636
Really Sara-ann;2092;95;sreallyap@rambler.ru;8380512332
Redbourn Quentin;2192;34;qredbournms@mysql.com;8380731727
Redmore Zack;2072;53;zredmore7m@tripod.com;8380528417
Reese Zsa zsa;2038;65;zreese4a@cocolog-nifty.com;8380686632
Reichelt Joellyn;2011;55;jreichelte@discuz.net;8380497503
Reily Roselia;2182;59;rreilylk@princeton.edu;8380695356
Reinert Bentley;2025;75;breinert2w@mashable.com;8380678893
Reinger Odella;2175;63;oreingerk8@geocities.com;8380621611
Renak Ina;2099;35;irenakcf@mysql.com;8380516389
Rentenbeck Ashli;2209;25;arentenbecknw@princeton.edu;8380543017
Revington Waneta;2194;56;wrevingtonna@usnews.com;8380526724
Richardot Evelyn;2118;39;erichardotea@google.cn;8380452941
Riddiough Sibel;2063;43;sriddiough63@ihg.com;8380711696
Rivett Julie;2098;29;jrivettc8@posterous.com;8380596161
Rizzardo Maynord;2065;97;mrizzardo6k@angelfire.com;8380690052
Robak Averil;2066;60;arobak6o@51.la;8380511670
Robart Brianne;2096;75;brobartbn@ovh.net;8380696522
Robson Derron;2084;60;drobson9b@economist.com;8380643828
Roches Susann;2176;93;srocheskf@youtube.com;8380539192
Roddam Valera;2094;78;vroddamb5@google.ca;8380482921
Rodie Pepito;2214;76;prodiep0@upenn.edu;8380704703
Roffey Dietrich;2112;107;droffeyd2@sogou.com;8380690435
Rogliero Andres;2011;107;aroglieron@homestead.com;8380690575
Rollingson Diannne;2141;89;drollingsongg@tinyurl.com;8380602269
Rollins Gwennie;2183;44;grollinslu@printfriendly.com;8380591712
Romagnosi Devlen;2084;110;dromagnosi9a@earthlink.net;8380599160
Ropert Jarrid;2241;66;jropertqr@elpais.com;8380710126
Rosenblath Ninon;2086;46;nrosenblatha1@weebly.com;8380738373
Roswarn Anya;2016;75;aroswarn1i@engadget.com;8380508785
Rothschild Heinrik;2182;70;hrothschildlm@howstuffworks.com;8380720350
Rouf Berri;2085;70;brouf9i@addtoany.com;8380475240
Rouf Kathye;2095;71;kroufbb@nhs.uk;8380579216
Rubenchik Francisca;2193;25;frubenchikn2@friendfeed.com;8380676432
Rubes Cammy;2024;69;crubes2h@sfgate.com;8380553462
Ruck Addison;2182;85;aruckli@list-manage.com;8380667530
Rucklidge Melesa;2213;26;mrucklidgeoo@techcrunch.com;8380590430
Ruffles Matthew;2135;66;mrufflesg4@yellowpages.com;8380454790
Runcieman Lyman;2119;52;lrunciemaneo@businesswire.com;8380474783
Ryam Austin;2045;92;aryam52@seattletimes.com;8380625781
Rylett Nealon;2017;24;nrylett1p@xinhuanet.com;8380655095
Saich Leela;2183;45;lsaichlo@about.me;8380467094
Saipy Stephani;2146;91;ssaipyhj@skyrock.com;8380711165
Salvador Grange;2175;46;gsalvadork7@usgs.gov;8380612124
Salvage Halli;2013;68;hsalvagep@webeden.co.uk;8380445228
Sames Bernadette;2146;32;bsameshc@ovh.net;8380535642
Sandeland Carlita;2028;104;csandeland3w@bizjournals.com;8380592220
Sandercock Bartel;2177;51;bsandercockkx@msu.edu;8380650492
Sandilands Rachel;2072;87;rsandilands7n@blinklist.com;8380543149
Sandison Joannes;2060;60;jsandison5q@google.com.hk;8380616723
Sapauton Augie;2091;41;asapautonan@4shared.com;8380741390
Sarjant Edeline;2233;77;esarjantq6@sina.com.cn;8380672232
Savidge Kevon;2071;63;ksavidge7e@timesonline.co.uk;8380540816
Sawden Aloysia;2176;42;asawdenki@yellowpages.com;8380707044
Sawnwy Sybila;2115;66;ssawnwydj@google.co.uk;8380673468
Saxelby Christel;2192;80;csaxelbymu@stumbleupon.com;8380740904
Scapelhorn Rufe;2067;68;rscapelhorn79@wordpress.org;8380681215
Scardefield Emelyne;2170;43;escardefieldje@ucla.edu;8380491505
Scase Eda;2081;29;escase8t@si.edu;8380494334
Schneidau Anni;2120;83;aschneidauf5@de.vu;8380740181
Schole Lauree;2144;71;lscholeh1@hubpages.com;8380661699
Schrinel Brittne;2112;22;bschrinelcz@google.fr;8380570111
Schulkins Delaney;2085;85;dschulkins9n@slashdot.org;8380616073
Schurcke Damon;2213;60;dschurckeom@exblog.jp;8380570413
Schutter Betti;2063;89;bschutter5t@istockphoto.com;8380449142
Schwandermann Margarette;2051;35;mschwandermann5h@lycos.com;8380476255
Scipsey Charmion;2132;26;cscipseyfl@amazon.de;8380735919
Scotchmoor Sheelagh;2111;70;sscotchmoorcu@mashable.com;8380552962
Scrange Diahann;2009;44;dscrangea@over-blog.com;8380708385
Scrowson Thia;2115;58;tscrowsondh@weather.com;8380597745
Seabert Fax;2000;102;fseabert5@homestead.com;8380728866
Seals Mignon;2085;83;mseals9k@columbia.edu;8380553918
Seares Jordan;2045;30;jseares51@a8.net;8380606949
Sedgemond Felisha;2074;41;fsedgemond89@yahoo.co.jp;8380597591
Seggie Corby;2089;86;cseggiea8@blogspot.com;8380739175
Serrels Cheryl;2049;45;cserrels5a@comsenz.com;8380493516
Shawel Carolin;2090;43;cshawelaf@google.ca;8380733045
Sheddan Esra;2118;87;esheddanee@newyorker.com;8380522923
Sheircliffe Leonard;2097;42;lsheircliffebu@boston.com;8380577000
Shepstone Lynn;2028;87;lshepstone3s@princeton.edu;8380462114
Sheridan Claudie;2080;31;csheridan8p@slideshare.net;8380629566
Shevell Chrissie;2213;106;cshevellou@cdbaby.com;8380744772
Shillito Harp;2071;48;hshillito7f@cyberchimps.com;8380636058
Shills Jeffy;2039;78;jshills4j@ehow.com;8380670728
Shortin Langsdon;2009;64;lshortin6@twitpic.com;8380558308
Shotton Brittne;2119;90;bshottonew@merriam-webster.com;8380712323
Shwalbe Sheeree;2064;86;sshwalbe6b@oakley.com;8380712404
Sidey Drucy;2214;71;dsideyoy@amazon.co.uk;8380609611
Signori Kevina;2100;66;ksignorico@mapy.cz;8380569504
Silber Dulci;2100;79;dsilbercs@nhs.uk;8380686713
Simakov Bekki;2243;60;bsimakovrc@washingtonpost.com;8380596269
Simakov Robin;2183;24;rsimakovlz@wufoo.com;8380728084
Simeoli Alis;2183;105;asimeolilv@japanpost.jp;8380601866
Simonelli Curt;2024;86;csimonelli2j@buzzfeed.com;8380589483
Sindle Zita;2177;110;zsindleks@ehow.com;8380545354
Sired Lloyd;2176;58;lsiredkc@goo.ne.jp;8380459709
Skegg Jemima;2119;84;jskeggep@bloomberg.com;8380479033
Skeldinge Trenton;2119;83;tskeldingeex@last.fm;8380724119
Skellington Lind;2090;88;lskellingtonad@php.net;8380628543
Skerrett Dicky;2051;86;dskerrett5k@netvibes.com;8380591062
Skillen Shaun;2085;48;sskillen9j@youtu.be;8380516125
Skipper Damita;2134;109;dskipperg3@google.com;8380685601
Sleath Nicoli;2028;84;nsleath3x@chron.com;8380629914
Slowan Dall;2116;80;dslowands@paginegialle.it;8380521110
Smallacombe Audy;2011;50;asmallacombef@comsenz.com;8380510054
Smout Meir;2183;103;msmoutlq@yahoo.com;8380492765
Snelling Tadd;2212;20;tsnellingoj@sina.com.cn;8380678737
Snoddon Annmarie;2011;75;asnoddonj@amazon.co.uk;8380633725
Sofe Eryn;2241;39;esofeqq@163.com;8380675533
Soldner Justis;2194;45;jsoldnernd@dailymail.co.uk;8380558480
Soppit Vassili;2065;57;vsoppit6f@senate.gov;8380608550
Southey Helene;2000;66;hsouthey1@dailymotion.com;8380530179
Southway Amelita;2073;89;asouthway7w@wufoo.com;8380598229
Soutter Harp;2096;99;hsoutterbl@quantcast.com;8380643690
Souza Jeana;2191;30;jsouzame@histats.com;8380511581
Spaughton Audi;2091;80;aspaughtonal@webs.com;8380725913
Spaule Gussie;2073;82;gspaule7z@i2i.jp;8380665880
Spurge Felipa;2176;108;fspurgekm@mashable.com;8380738977
Stack Eugenio;2091;35;estackai@friendfeed.com;8380636406
Stailey Bertrando;2086;25;bstailey9w@mashable.com;8380655818
Staker Grove;2162;42;gstakeri4@typepad.com;8380523547
Stanaway Kaspar;2063;32;kstanaway61@shinystat.com;8380686756
Standage Quinta;2191;107;qstandagemh@craigslist.org;8380612035
Stanley Desdemona;2191;58;dstanleyml@oracle.com;8380733983
Starie Rabi;2090;47;rstarieac@cbsnews.com;8380527119
Stayte Cristionna;2194;66;cstayten7@ocn.ne.jp;8380476727
Steane Gabrila;2212;58;gsteaneoi@istockphoto.com;8380666429
Stearnes Travers;2112;26;tstearnesd1@ox.ac.uk;8380672291
Stebbings Manny;2017;41;mstebbings1q@thetimes.co.uk;8380699831
Steiner Ginger;2177;60;gsteinerkz@163.com;8380715136
Steinson Willyt;2040;20;wsteinson4s@mail.ru;8380634535
Sterman Gardner;2133;64;gstermanfq@sfgate.com;8380552318
Stitson Heddi;2022;95;hstitson1z@myspace.com;8380461983
Stokey Franzen;2133;93;fstokeyfo@who.int;8380533445
Strowger Meredith;2244;98;mstrowgerrk@hibu.com;8380635477
Strowger Paulie;2116;92;pstrowgerdo@parallels.com;8380486579
Stroyan Arlen;2115;77;astroyandg@yelp.com;8380595610
Stukings Marika;2024;98;mstukings2o@netscape.com;8380689623
Sturdgess Eduard;2220;24;esturdgessps@senate.gov;8380592689
Subhan Anatol;2080;103;asubhan8j@hubpages.com;8380499182
Such Byran;2067;97;bsuch71@microsoft.com;8380446046
Sultan Shelli;2220;28;ssultanpq@imgur.com;8380538331
Summerscales Dawn;2212;92;dsummerscalesok@yellowbook.com;8380686381
Suttell Tracey;2095;27;tsuttellbf@uol.com.br;8380692845
Swane Eugine;2073;54;eswane82@marketwatch.com;8380704576
Tadgell Danice;2093;43;dtadgellb3@thetimes.co.uk;8380634756
Taffe Ulick;2213;107;utaffeop@amazon.de;8380590538
Tate Alvina;2117;31;atatee8@reference.com;8380653823
Tax Arnold;2027;75;atax3r@icio.us;8380719883
Tebbe Minne;2040;80;mtebbe4v@opera.com;8380696913
Terzza Arlena;2027;33;aterzza3p@plala.or.jp;8380643127
Thackeray Angie;2009;28;athackerayb@alexa.com;8380708504
Thackray Demetris;2194;92;dthackrayne@answers.com;8380561953
Tibbs Orsa;2022;40;otibbs23@illinois.edu;8380491246
Tigwell Celeste;2116;57;ctigwelldv@themeforest.net;8380601440
Tilling Rosette;2025;98;rtilling2u@so-net.ne.jp;8380607724
Timbridge Binky;2099;27;btimbridgecg@prlog.org;8380585585
Titmarsh Edsel;2045;32;etitmarsh4z@ovh.net;8380539397
Todarini Lindsay;2251;27;ltodarinirq@chicagotribune.com;8380640152
Tolefree Perl;2163;20;ptolefreeid@tumblr.com;8380633261
Tolworthy Trumaine;2011;53;ttolworthym@squidoo.com;8380663403
Tooting Bax;2040;107;btooting4q@360.cn;8380624971
Torald Gaby;2023;20;gtorald28@hatena.ne.jp;8380453484
Towll Constancia;2066;90;ctowll6r@goo.ne.jp;8380561457
Townsend Randie;2182;20;rtownsendlh@ed.gov;8380628152
Tregiddo Davida;2118;52;dtregiddoeh@time.com;8380635590
Trematick Poul;2116;59;ptrematickdp@webmd.com;8380502493
Tuison Maynard;2074;89;mtuison8d@theguardian.com;8380678923
Tumbelty Georges;2080;105;gtumbelty8k@google.nl;8380526236
Tumilson Cherry;2242;107;ctumilsonr0@prweb.com;8380657632
Tummond Barnabas;2133;29;btummondfv@purevolume.com;8380684087
Tupp Mady;2134;45;mtuppfz@springer.com;8380499565
Turneux Blisse;2023;86;bturneux2b@nhs.uk;8380584473
Turnor Homere;2040;62;hturnor4r@360.cn;8380631307
Turrill Hiram;2015;53;hturrill1b@gov.uk;8380576640
Tutill Bendicty;2143;109;btutillgx@biblegateway.com;8380686349
Umpleby Randene;2165;57;rumplebyio@sciencedirect.com;8380546644
Vakhonin Dorolice;2116;81;dvakhonine0@bloglines.com;8380694880
Vallance Keefe;2093;55;kvallanceb1@nps.gov;8380618025
Van Arsdalen Mel;2176;51;mvanarsdalenke@quantcast.com;8380530543
Van Velde Sheila;2089;60;svanveldea7@51.la;8380729684
Vanichkov Crista;2025;32;cvanichkov31@earthlink.net;8380718089
Van't Hoff Charleen;2067;108;cvanthoff7a@networkadvertising.org;8380687159
Van't Hoff Wilma;2086;93;wvanthoff9u@youku.com;8380615824
Vanyarkin Eddy;2242;65;evanyarkinqs@google.fr;8380449134
Varnes Kelley;2216;41;kvarnesp8@unesco.org;8380474023
Vasiljevic Chilton;2134;86;cvasiljevicg1@devhub.com;8380556968
Vaugham Tiertza;2039;101;tvaugham4f@ibm.com;8380491025
Vearncomb Leticia;2089;97;lvearncomba2@opera.com;8380455150
Vedeshkin Sarina;2092;106;svedeshkinat@plala.or.jp;8380670787
Velasquez Maitilde;2094;67;mvelasquezb4@technorati.com;8380462866
Veschambes Eddie;2115;86;eveschambesde@netscape.com;8380532449
Vida Flynn;2067;59;fvida76@smugmug.com;8380631277
Vidloc Lani;2063;101;lvidloc64@toplist.cz;8380728068
Vittore Ceciley;2014;95;cvittore12@furl.net;8380676491
Voller Lena;2214;35;lvollerow@nydailynews.com;8380521625
Wadforth Teodorico;2161;52;twadforthhx@yolasite.com;8380530632
Wadhams Carmelina;2116;22;cwadhamsdq@dell.com;8380507339
Walbrun Loydie;2016;56;lwalbrun1g@google.co.uk;8380445740
Walkley Ravid;2013;23;rwalkleyu@pen.io;8380614747
Walsh Sigrid;2209;82;swalshnt@indiatimes.com;8380464753
Wansbury Lorettalorna;2039;30;lwansbury4g@techcrunch.com;8380521609
Watterson Hamnet;2072;102;hwatterson7l@pcworld.com;8380514467
Weagener Dylan;2175;65;dweagenerk9@va.gov;8380636422
Weatherell Winfred;2013;64;wweatherellr@usda.gov;8380528468
Weinmann Marta;2096;71;mweinmannbi@weibo.com;8380464265
Weippert Nickie;2025;49;nweippert2t@time.com;8380599047
Westbrook Kali;2083;101;kwestbrook92@alexa.com;8380742281
Whales Fletch;2217;107;fwhalespf@ifeng.com;8380568753
Whitbread Ernesto;2066;108;ewhitbread6y@wordpress.com;8380699602
Whithalgh Kirk;2089;39;kwhithalgha9@woothemes.com;8380740076
Whitmarsh Christine;2115;89;cwhitmarshdk@oaic.gov.au;8380680057
Whitton Collin;2166;75;cwhittonj4@amazon.com;8380697898
Whyberd Salvatore;2173;96;swhyberdjq@latimes.com;8380687612
Whysall Eolande;2194;107;ewhysallni@slate.com;8380621328
Wickie Deonne;2162;73;dwickiei5@people.com.cn;8380524934
Wilcot Free;2133;99;fwilcotfr@admin.ch;8380567528
Wildbore Marquita;2080;74;mwildbore8q@360.cn;8380643550
Wilfing Maisey;2085;106;mwilfing9h@vkontakte.ru;8380461304
Wilkerson Petunia;2134;94;pwilkersong0@cnn.com;8380545540
Wilman Leupold;2119;48;lwilmaner@usgs.gov;8380576543
Wimpress Alano;2175;70;awimpressk4@discovery.com;8380575938
Wingatt Rowe;2067;25;rwingatt72@simplemachines.org;8380574664
Winman Enrika;2063;87;ewinman5z@ucsd.edu;8380654439
Winsper Roseline;2085;26;rwinsper9g@adobe.com;8380447344
Wishart Brigida;2115;37;bwishartdc@springer.com;8380448677
Wither Dugald;2084;86;dwither94@dailymotion.com;8380497481
Wohlers Mohandis;2081;21;mwohlers8u@google.ca;8380550439
Woodger Nicky;2209;107;nwoodgernu@feedburner.com;8380504801
Woodison Christie;2017;74;cwoodison1m@zdnet.com;8380540182
Woodlands Shurlocke;2244;91;swoodlandsrl@phpbb.com;8380688236
Wookey Astra;2116;55;awookeydt@tmall.com;8380524594
Woolaston Cordie;2074;50;cwoolaston86@blog.com;8380516249
Wooler Odie;2200;110;owoolernm@yellowpages.com;8380469801
Worboys Jasmina;2071;27;jworboys7h@businesswire.com;8380671287
Wordsworth Penny;2038;71;pwordsworth4c@mapy.cz;8380734017
Workman Romain;2175;27;rworkmank0@umn.edu;8380485726
Worms Alexa;2028;38;aworms3t@photobucket.com;8380487079
Wycliff Douglas;2192;44;dwycliffmr@cafepress.com;8380727088
Wyllie Laughton;2119;56;lwyllieev@creativecommons.org;8380644387
Wynrahame Mohammed;2151;86;mwynrahamehq@amazon.de;8380640640
Yakubovich Juline;2220;61;jyakubovichpo@ask.com;8380485955
Yashunin Sari;2242;34;syashuninqt@163.com;8380484266
Yerrall Yoshiko;2100;101;yyerrallct@google.ca;8380688139
Yu Ernesto;2217;53;eyuph@springer.com;8380658868
Yushankin Marylee;2118;51;myushankineg@noaa.gov;8380633091
Yve Stevena;2216;74;syvepb@toplist.cz;8380628063
Ziemecki Carline;2015;59;cziemecki1f@google.it;8380729331
Ziemecki Myrtle;2243;21;mziemeckirh@blogger.com;8380726863
Ziems Chastity;2220;27;cziemspv@1und1.de;8380707303
